id,round_1,round_5,round_9,round_13,round_17,round_20
3-148332232-2-0.jpeg,1514.5198779882028,1812.7374493343611,1869.2636250401463,1884.4509545530561,1888.7612813515104,1889.8171775920255
2-24462315-10-0.jpeg,1490.5081878821356,1745.6683077625155,1775.0706830434194,1778.8905927063254,1779.3632983047896,1779.4151097792048
0-424580481-4-0.jpeg,1453.589115511058,1732.5713929706988,1763.6561826616235,1767.6010040847113,1768.092711531108,1768.1503618102481
0-12090415-2-0.jpeg,1524.56781383847,1742.1412016099334,1757.800680023609,1759.2313772847465,1759.383437221183,1759.4012611498292
4-44121335-1-0.jpeg,1470.0605138572228,1720.298645346129,1746.8731613275045,1750.1770228787955,1750.579471950801,1750.6246989056192
1-15478842-42-3.jpeg,1514.067285417497,1731.3365976087418,1747.8226781628553,1749.7472411768222,1750.0563931973095,1750.112955829973
4-58652425-3-0.jpeg,1492.3535598207884,1714.811799311644,1730.8478613480374,1732.3605462575897,1732.5207688707728,1732.538209621336
1-47226030-4-3.jpeg,1501.237056958944,1713.3356034589156,1728.3416461672487,1729.6441495762576,1729.7699258626935,1729.7830788815031
0-450079477-0-0.jpeg,1508.609151588467,1703.2920016558837,1716.4475237709933,1717.6419752128218,1717.7713956500052,1717.7866752095413
3-85711353-5-3.jpeg,1515.9794560804712,1705.1926960277701,1716.4368725318964,1717.3328270646816,1717.4173152979456,1717.4255453040964
4-39609896-34-3.jpeg,1541.593278703791,1703.540972955336,1712.2414670511607,1712.9991391173337,1713.0782378450645,1713.0865269294434
0-422825799-6-3.jpeg,1462.6344790686778,1683.6772566218565,1701.5427410759642,1703.3513399984618,1703.5484164012921,1703.5702561883177
2-142638060-2-3.jpeg,1498.1827612137465,1689.1001477351297,1701.3116414093854,1702.3488279439077,1702.4519720614394,1702.4630680087846
2-40140383-6-0.jpeg,1461.582275759946,1673.8797601555289,1689.178658307603,1690.5984807309565,1690.7450693237336,1690.7600569187118
3-40140383-11-3.jpeg,1486.1295994259424,1673.59882101422,1687.2575125245985,1688.963497798932,1689.2684459726127,1689.3288186629643
0-24474442-3-0.jpeg,1484.0655180006518,1667.9741345418581,1679.186352816508,1680.132071189203,1680.2315484355127,1680.243473553476
3-40299122-5-0.jpeg,1496.9079640999216,1661.7510059706754,1671.654120347941,1672.5751967405063,1672.6724957208564,1672.6824952417442
0-49151090-4-0.jpeg,1471.4156316603392,1656.8488929199998,1668.1819303407706,1669.1192061795664,1669.210761543613,1669.2202384292616
0-47212847-5-0.jpeg,1454.9450271937844,1649.2199036973366,1662.1834731267707,1663.4015018581952,1663.5365254123258,1663.5523888472142
0-48557292-14-3.jpeg,1477.9960383637804,1650.5510155227194,1661.680252093235,1662.7506134326338,1662.8778981594555,1662.8947384241505
0-39609896-39-3.jpeg,1475.901377104343,1649.6487081584482,1659.8953380261748,1660.8091966362526,1660.9153280760145,1660.9296203358845
1-148332232-14-3.jpeg,1482.9459283762073,1642.2718622159796,1650.8253492308907,1651.5274990596508,1651.5997480697265,1651.6078402428757
1-113662990-0-0.jpeg,1496.5047570155436,1640.177354553199,1648.2378354595403,1648.9976917026488,1649.0814384783016,1649.090612587434
2-482569918-5-3.jpeg,1421.9550308056716,1626.8477142607776,1643.0698484298355,1645.0110305515389,1645.3437980292967,1645.4086429940241
0-10639453-12-3.jpeg,1456.2685410061288,1629.903864115364,1641.0026659222617,1641.9959178429676,1642.0990889808204,1642.109937074222
3-70662723-4-3.jpeg,1465.5522227337083,1626.4904196642833,1635.6019216460388,1636.3520894635503,1636.4233596719885,1636.4301526394715
3-137107928-1-3.jpeg,1475.5363910335843,1628.8071073774706,1635.5796952260082,1636.1028889312931,1636.1605739081042,1636.1679630059439
2-438427487-26-3.jpeg,1452.5866768287603,1605.3113732158079,1614.1961852630257,1614.99128506857,1615.0741542118392,1615.0827131183944
1-163594779-2-0.jpeg,1426.047542028751,1600.9810489678152,1611.7936076330036,1612.7932849093525,1612.909649206536,1612.9248456862028
2-50410905-3-3.jpeg,1437.197651258299,1594.111910427748,1602.9908670345878,1603.7473521654322,1603.8283052907575,1603.8379715311885
2-39224646-41-3.jpeg,1446.99343126638,1593.443206726067,1601.3664817311085,1602.0450627926448,1602.1165035893541,1602.124554649401
3-10683634-29-0.jpeg,1430.505459133143,1591.3990489553005,1600.7772291742162,1601.5282156533303,1601.59806591344,1601.6046350653585
3-72083028-5-0.jpeg,1420.7799219451538,1586.0503143437272,1594.9519786256353,1595.6659142113276,1595.7362415199866,1595.7435195964363
4-39838984-2-0.jpeg,1419.3457359143545,1580.9878423271261,1590.612853681196,1591.4764666968554,1591.571603880046,1591.582949325072
0-165166862-5-3.jpeg,1425.7556965302024,1576.0073522934326,1584.376017598055,1585.1175781460718,1585.1979676064275,1585.2072525747287
3-482569918-2-0.jpeg,1429.8736708752856,1569.3311387836134,1576.4099533748342,1576.9852944844515,1577.0413481943722,1577.046722048842
2-163601798-11-3.jpeg,1443.8189188320857,1567.2611588349382,1574.1528354317443,1574.765041405314,1574.8326314312665,1574.840677133225
0-85686600-1-0.jpeg,1407.1172159728048,1558.8098715439558,1567.7821234650844,1568.6169587747827,1568.709883322806,1568.7206025818473
3-39687227-6-3.jpeg,1424.4338334332042,1557.8945651614847,1564.6741057667818,1565.239770857308,1565.2970118033884,1565.303013555355
3-95613005-16-3.jpeg,1415.7365774030961,1555.569039978817,1562.4253200916637,1563.0030153812322,1563.067810906553,1563.0760460393114
4-66393995-7-0.jpeg,1436.3558694867259,1555.3044148989318,1560.6399591412949,1561.0943234062072,1561.144994540608,1561.151245133216
4-48718177-3-0.jpeg,1430.7635773588847,1548.8800689841898,1554.5962574967682,1555.0926333632826,1555.1476493316375,1555.1541529029032
0-69151817-3-3.jpeg,1422.945473865983,1542.8596888135842,1548.3515855992423,1548.8091325490252,1548.8588185511,1548.8648057373634
0-270106078-1-0.jpeg,1413.8396177267462,1538.6304699204832,1544.48503867974,1544.9551602205022,1545.0006744688585,1545.0049041059244
4-163601798-1-0.jpeg,1415.5028564268014,1527.5480565578828,1532.463307634062,1532.8821858219562,1532.924700812821,1532.9285802078905
0-34241311-6-0.jpeg,1360.7290336164788,1520.79935035386,1530.9244217956827,1531.8685192857833,1531.9742731262909,1531.9869324388815
1-12088962-8-3.jpeg,1391.2075508304122,1524.755533192183,1531.1378231201509,1531.6543266568347,1531.7097500037394,1531.7165262961828
2-72083087-11-0.jpeg,1392.9490939418572,1509.4114008586428,1514.8960263943197,1515.3419547328756,1515.3853289293902,1515.3893174698128
1-44093252-22-0.jpeg,1412.3710587291855,1503.9677313208695,1507.3964628835786,1507.6645381242895,1507.6898419537931,1507.6919140396544
2-183100743-5-0.jpeg,1386.762405024956,1499.6196563359122,1503.976290286373,1504.2945127253633,1504.3245526316523,1504.3273394249363
1-192619054-0-0.jpeg,1388.3850282372377,1473.0301761601663,1476.0083905067975,1476.2172032994142,1476.2341392381052,1476.2350540688171
1-477498780-18-0.jpeg,1366.546741460603,1468.6369929570474,1473.1955790319255,1473.5870028871934,1473.6324859372548,1473.6384385667195
1-142637957-2-3.jpeg,1360.2647625460233,1462.5084906411953,1467.0883685755769,1467.4820573417849,1467.5213865723804,1467.5249172853094
3-176637363-7-0.jpeg,1373.6628321196335,1463.6788754544557,1467.1047382186978,1467.3688801603266,1467.393592037658,1467.3956508563258
2-93900474-35-0.jpeg,1375.8980052451184,1459.1848415880331,1462.8922111314967,1463.256531410721,1463.3122844669604,1463.3222161619444
2-144630602-4-0.jpeg,1348.9096478883382,1455.5655386664068,1460.3517402237098,1460.7395065327692,1460.7812105218766,1460.7862224766552
1-159787865-5-0.jpeg,1363.7466514469024,1454.9296830736864,1458.4640667727972,1458.7386174982246,1458.7645208000195,1458.7667347014421
3-38871167-10-0.jpeg,1332.229375178288,1446.5830832312126,1452.5966061707231,1453.1058712206348,1453.1614214263038,1453.1681749485713
2-232920699-4-0.jpeg,1317.1640480130425,1441.164475341381,1447.0918371575476,1447.5379525195076,1447.5796039775205,1447.583497683008
0-135626788-8-0.jpeg,1356.1004689977417,1439.100411644207,1442.754851374416,1443.062461323066,1443.0935875075324,1443.096553339329
3-474684593-3-3.jpeg,1309.1620036783909,1421.5730399588701,1426.4936757172961,1426.8802041885474,1426.918840263714,1426.9228331258012
4-57154008-5-0.jpeg,1324.4624202339808,1417.649973809114,1421.9457130028861,1422.399987013469,1422.4749563053954,1422.489057465018
2-34106714-17-0.jpeg,1340.8569800123903,1407.1533541608023,1409.4755332776679,1409.6426980025344,1409.6558502838434,1409.656368009349
4-265055135-4-0.jpeg,1359.6016750037916,1405.7096452403152,1407.1103527927846,1407.2059335665522,1407.2121353495843,1407.2119066441012
4-135775783-10-0.jpeg,1304.7969386297486,1390.940087314956,1394.7021566206902,1395.0654477335904,1395.119735799168,1395.1291934971653
1-11272364-4-3.jpeg,1324.7334729929314,1388.209442317554,1390.3300955386603,1390.4847162155322,1390.4983072316877,1390.4992192405377
2-35571918-21-0.jpeg,1318.9040551019507,1381.9688459750855,1384.06550579863,1384.2257742143838,1384.239706411172,1384.2404312413223
4-394832009-0-0.jpeg,1299.4792665953337,1376.5899219265084,1379.6290344737001,1379.869546812879,1379.8912618974166,1379.8926433254335
4-39659557-1-3.jpeg,1310.185464878187,1374.4650588485881,1376.6677609259232,1376.8314750089323,1376.847929224772,1376.8496012698427
4-38853648-5-3.jpeg,1309.9870035895729,1373.6770405637678,1375.8180071830993,1375.9750998611182,1375.9883085410372,1375.9889764216684
3-237271825-12-0.jpeg,1300.5778012984642,1369.45380260137,1371.9701400018064,1372.1874427157743,1372.2150605778154,1372.2190985655357
0-13038774-0-3.jpeg,1283.5116575171444,1366.4170179895045,1369.106891982198,1369.307807355443,1369.3264525276975,1369.327884973413
2-34408748-1-0.jpeg,1302.9001818554393,1366.1191174940454,1368.1609125795374,1368.3200469009025,1368.3334427435768,1368.3339561255157
4-51178663-6-3.jpeg,1277.81720333313,1364.3854805910244,1367.16986471197,1367.3516570056272,1367.3655777043468,1367.3660635220003
3-237271815-1-0.jpeg,1275.7160707101314,1360.5533610228,1364.454831195612,1364.8470068440038,1364.9072862165183,1364.917972368808
3-58654176-10-0.jpeg,1286.5724608288415,1357.7649593465344,1359.8920558396308,1360.0346539573006,1360.045235057324,1360.0454190869082
1-34292307-8-0.jpeg,1282.8904822984039,1354.8631423119966,1357.8652559355432,1358.1076369322527,1358.1317713332505,1358.1340878288977
4-189030461-4-3.jpeg,1263.724274570905,1352.432046778364,1355.8886051809677,1356.153882973345,1356.1810614634894,1356.1840253445769
2-136954591-4-3.jpeg,1261.7458194981964,1352.331613524789,1355.734149644894,1355.9858018603445,1356.0105453464996,1356.0130152307158
4-40141422-7-3.jpeg,1275.171642299538,1351.93331252897,1355.0499848601567,1355.3278429125107,1355.3638122325222,1355.3691806908575
2-68986495-1-0.jpeg,1286.334220752203,1351.1653147722802,1353.3625281337818,1353.5124494169704,1353.5233575895566,1353.5235371610172
4-96328681-4-0.jpeg,1268.8223274912477,1347.3431246177452,1350.221602036434,1350.4470440197863,1350.4715385782142,1350.4744400383254
1-146590419-46-3.jpeg,1287.8042951855227,1346.542813236879,1348.499894124646,1348.6455130281915,1348.6584605201963,1348.6593147935966
1-74032719-9-0.jpeg,1298.16046984898,1346.5980110706228,1347.8729653480375,1347.967661919937,1347.9745663274184,1347.974410142201
0-230350700-2-3.jpeg,1268.2653162767879,1341.182007046794,1344.0521594019406,1344.2642729054292,1344.2818863167934,1344.2828551807918
4-150906584-6-0.jpeg,1285.7354269228485,1341.0218289629042,1342.7513231688379,1342.872102139726,1342.881170005589,1342.8812895802398
3-164189492-2-0.jpeg,1251.9215336617428,1338.081471809715,1341.7530032789923,1342.0485160934838,1342.0765940285942,1342.0789519469395
0-223700464-5-3.jpeg,1276.0883519504155,1333.3963139848922,1335.580003253682,1335.7577502947095,1335.7744635031722,1335.775622054544
2-51051042-2-0.jpeg,1263.0585459351305,1330.4573917859238,1332.9365161253481,1333.1422706408823,1333.1632632310063,1333.165236613206
1-436404912-17-3.jpeg,1289.8611649385446,1326.599835929421,1327.344095206011,1327.3809991393275,1327.3806321386187,1327.3795519376743
3-96328677-0-3.jpeg,1258.1839856126865,1322.3762002727174,1324.1338622505843,1324.2501313802404,1324.2581139814135,1324.2580227187425
1-265055129-16-3.jpeg,1265.1174871188775,1320.3868170926564,1322.1589222340608,1322.2926615914557,1322.3036330449809,1322.3039939627488
4-135626769-14-3.jpeg,1227.0034676200507,1313.262378945829,1316.5767286394562,1316.8345766231898,1316.859533834521,1316.8618013194348
1-175621779-1-0.jpeg,1243.041013295044,1310.1989762370424,1312.5157585569827,1312.680554755234,1312.6938616320745,1312.6944036649568
1-27448160-6-3.jpeg,1243.835099400318,1303.4957015534574,1305.4800885768136,1305.6218359459,1305.633033612661,1305.6334096299697
4-48984993-8-0.jpeg,1268.2562153672588,1302.8576591811104,1303.8187291031882,1303.8736535098894,1303.8745105859534,1303.8734720309585
2-177741555-1-0.jpeg,1226.8207513520756,1298.5984887618392,1301.185206557441,1301.3712415119899,1301.3870890722042,1301.3880356118227
3-245518303-0-3.jpeg,1214.878577907884,1292.5950669283461,1295.8683175849005,1296.1676619111815,1296.2098339676552,1296.2168188322662
3-38853658-0-0.jpeg,1235.643914877505,1288.686838044993,1290.181453180616,1290.279831228439,1290.2861666648703,1290.2859353936321
4-89386102-10-0.jpeg,1220.2919957373088,1281.698348064753,1284.0553661694742,1284.24001320993,1284.2574541964368,1284.2588431936729
2-85711359-1-3.jpeg,1238.0613585078795,1282.0126648694077,1283.4738427539653,1283.5811042767664,1283.5891337192272,1283.5891120613226
4-168579536-4-0.jpeg,1216.6525722018769,1278.2328194997833,1280.7862458652542,1281.0380722508407,1281.0769126553541,1281.0838171895348
4-177691050-3-0.jpeg,1207.108580092129,1275.711998080573,1278.104716959385,1278.2742182192048,1278.2874761493358,1278.2879269579792
4-50843194-15-3.jpeg,1234.216245053942,1275.1492728968988,1276.2867666789268,1276.3656320810976,1276.3718042564537,1276.3719431560912
1-22732093-24-0.jpeg,1214.4242918761954,1272.5083235827585,1274.6243341311767,1274.7881714169014,1274.8029118897402,1274.8038802345334
3-280789129-4-3.jpeg,1222.9193251610923,1269.4175672536626,1270.8338862323599,1270.9342700531288,1270.9423314809276,1270.942572994056
1-50775225-28-0.jpeg,1226.133140812893,1268.3909745136887,1269.361403038989,1269.4166474938368,1269.4178781698063,1269.416911982144
2-176822404-1-0.jpeg,1224.3249825426367,1268.1193027171712,1269.310761766468,1269.3825103425693,1269.3854509995333,1269.384684345026
1-135626762-11-0.jpeg,1210.8638359995969,1265.2879753764412,1267.138199984264,1267.2726034608077,1267.285100876328,1267.2861113954762
1-159539843-1-3.jpeg,1222.5242707574819,1265.1187785159455,1266.2319244932967,1266.2982132110972,1266.3006632803908,1266.299876007516
3-40033034-8-3.jpeg,1220.1234198880084,1261.81550619595,1262.7490084726885,1262.7992925519723,1262.800536915382,1262.799736074405
3-237271806-10-3.jpeg,1209.0674862762264,1260.5462840600544,1262.233534008485,1262.352191237516,1262.3606742745653,1262.360681191857
3-289361539-0-3.jpeg,1208.4878896425964,1259.812391984586,1261.777066239804,1261.9479417640525,1261.966896443173,1261.968948987787
2-131607111-1-0.jpeg,1197.9106484825165,1258.4192989915705,1260.446578367803,1260.602823213799,1260.6185673122593,1260.6200873579232
4-473380648-1-3.jpeg,1212.2985746079964,1258.0300083346392,1259.315238767558,1259.400719947251,1259.4060604867914,1259.4057564570978
4-24446741-9-0.jpeg,1205.7950169377048,1254.3107396884805,1255.9609391338643,1256.0863914915792,1256.0982293211553,1256.099153539422
4-336885594-29-3.jpeg,1192.0183110337018,1250.7164144477395,1252.8111726074728,1252.9671266075277,1252.9795681197695,1252.979971539571
4-50843200-5-0.jpeg,1204.0121276439047,1250.5615889877301,1252.0073782159247,1252.103944530107,1252.110325159712,1252.1101533358697
2-424580468-2-0.jpeg,1182.3125932170149,1247.4550556001416,1250.2375949540228,1250.495253075646,1250.52994232764,1250.5353162310182
4-176688377-5-0.jpeg,1192.2077231973487,1245.9132451831438,1247.8887215715056,1248.09586740759,1248.13127902764,1248.1380472605576
0-248845437-17-3.jpeg,1198.7176099810454,1246.5913590772584,1247.9879338946666,1248.0791357061867,1248.08468663463,1248.0843425298024
1-57154008-0-3.jpeg,1208.0444343862537,1246.8917182815032,1247.9941705399683,1248.0788236668634,1248.0844551337955,1248.0840511680829
4-10670780-5-0.jpeg,1217.677157572042,1243.5980178476736,1244.0798262468466,1244.0950096958215,1244.0915803127923,1244.0900025980613
0-15670287-26-3.jpeg,1185.3150434772153,1241.602803970649,1243.6020448059776,1243.7514923903857,1243.7648586254682,1243.765774590188
3-65066582-23-0.jpeg,1180.0276631855763,1240.9271761588159,1242.7946208553983,1242.9289421617034,1242.9403075978869,1242.9408890287468
2-40784659-23-0.jpeg,1221.2017317943362,1240.8642343654774,1241.005428609746,1241.0085494902364,1241.0083280255244,1241.0080658738063
4-148112387-114-0.jpeg,1206.6452220224808,1239.0979443521337,1239.8444154220165,1239.8825199551973,1239.8817797898403,1239.8805785968989
4-10260585-8-3.jpeg,1201.4800039950894,1238.053466006134,1239.050797360665,1239.1104488981873,1239.1127631474294,1239.1120854373762
3-71365254-4-3.jpeg,1190.920577723681,1227.5309034145369,1228.3227600758362,1228.360155938699,1228.3596632792537,1228.3585513810262
1-71601971-2-0.jpeg,1176.3994747151246,1226.40827708447,1228.144126003934,1228.2699511419628,1228.2812349171354,1228.2820063795373
4-47280266-31-0.jpeg,1186.763936092773,1223.953242462618,1224.794845480111,1224.8494776459713,1224.853786192861,1224.8538404039568
2-295430708-0-3.jpeg,1178.1686054864983,1216.2517340488266,1217.2495087316354,1217.307719494972,1217.309749095978,1217.3089957883737
1-160163187-19-0.jpeg,1198.0273538023507,1211.0909842901872,1210.9650107136688,1210.931929428093,1210.9234565788615,1210.9212954265086
4-275146805-5-3.jpeg,1158.3876421417483,1208.4605343810472,1210.2455790229085,1210.409790979423,1210.4333287668496,1210.4372241791302
0-93900476-2-3.jpeg,1178.742185320219,1204.6625854300228,1205.190096067096,1205.2192476710252,1205.2192178058392,1205.2183757076245
2-475044040-25-0.jpeg,1156.0734097989555,1203.4271495789933,1204.824977781441,1204.9149763928517,1204.920431346725,1204.9201035031272
3-125465015-2-3.jpeg,1172.785277575582,1203.6605569609944,1204.4005849096297,1204.4427699373002,1204.4433386679477,1204.44239138901
3-12272379-52-0.jpeg,1153.80139637204,1200.8408488329185,1202.171225105137,1202.2526843372866,1202.2569690537282,1202.2564707212687
0-69555386-13-3.jpeg,1165.7825655205083,1199.0999865928006,1200.038189583937,1200.0944532691371,1200.0956841216962,1200.0946780181998
2-38870001-1-3.jpeg,1166.8440889725778,1198.2354805094565,1198.906185525679,1198.938497570069,1198.9380539676713,1198.9370694961508
4-177916662-0-0.jpeg,1164.1579486773558,1196.4861638723964,1197.2183429254808,1197.2538208987617,1197.2527279442538,1197.2514692259654
1-47268380-0-3.jpeg,1185.2230346361296,1193.2462356169717,1192.9160057768372,1192.8652825752113,1192.8550749629599,1192.8527625053575
4-465128019-18-3.jpeg,1158.3427451217408,1191.2850026999697,1191.8012528564093,1191.8133036441739,1191.8092985856601,1191.807619769362
1-39874516-7-0.jpeg,1149.4579988451358,1187.9821345840903,1189.4164964928823,1189.5507061147296,1189.5677073135055,1189.5699817615107
4-10631022-3-0.jpeg,1165.3630101968333,1188.6208967292903,1189.0171016316203,1189.0339065312176,1189.0311622377044,1189.0296961435135
1-177916664-5-0.jpeg,1163.2645353024097,1187.1063055095733,1187.5804206409746,1187.6211650001635,1187.6276429436664,1187.6287033029407
4-179080808-10-3.jpeg,1143.1571875968946,1184.399195766387,1185.327386402865,1185.3857104314814,1185.3884944258566,1185.3879199747132
2-220099419-7-0.jpeg,1160.2546109477983,1183.238874707792,1183.6874593366276,1183.7066114345064,1183.7051555897524,1183.7041254809094
1-145007005-7-0.jpeg,1175.6252764823757,1180.1148712628053,1179.71909684604,1179.6603955949656,1179.6488765696465,1179.6463306762046
4-88204957-31-3.jpeg,1178.9762310636359,1179.5789597150401,1178.923839952649,1178.8420943102115,1178.8277327943576,1178.8247627958995
2-142637433-15-3.jpeg,1141.701976646509,1177.6512799296763,1178.357543060963,1178.3864780091517,1178.3843464687714,1178.382923500681
3-10581227-41-3.jpeg,1145.6858917437226,1175.783479822976,1176.4917751516384,1176.540949193118,1176.5427427968998,1176.5419426597846
0-169210698-1-0.jpeg,1137.0699311698256,1174.2881136812782,1175.2393502297361,1175.3080509199049,1175.3148504651256,1175.3154052257164
1-245518309-3-0.jpeg,1153.92090881668,1165.7493583626942,1165.491475072251,1165.4438433495045,1165.4341840603995,1165.4319864793333
0-13433208-9-3.jpeg,1131.9842120007536,1163.9002079037234,1164.758123607719,1164.811197579461,1164.813013951352,1164.8122455540342
4-39609934-7-3.jpeg,1120.6111135841422,1156.8744915975683,1158.0293658947057,1158.105416350713,1158.1093032079518,1158.1087234368847
0-247474286-5-3.jpeg,1133.684871832785,1157.109547509791,1157.5364078044252,1157.5512170708525,1157.548605325717,1157.5473086418185
2-135721894-5-3.jpeg,1126.6789488010775,1153.4858347529164,1154.0718563879684,1154.1076074784778,1154.1099469668402,1154.1097918989267
4-177594557-0-0.jpeg,1121.676898213138,1153.3725026186921,1153.8961317811925,1153.9127645196297,1153.910152094099,1153.9088207864445
3-163927052-3-3.jpeg,1126.9113483708954,1151.7205008923831,1152.292777695973,1152.324683915572,1152.3248063099159,1152.3240052251078
3-70979005-1-0.jpeg,1125.0163603119408,1148.5329471999366,1148.8990166496412,1148.9028640538522,1148.8984814016274,1148.8968873746596
0-48687755-13-3.jpeg,1128.7958426852783,1145.1598655584744,1145.2315502650274,1145.2265897049872,1145.2233446276873,1145.2221710393294
3-49206236-6-3.jpeg,1120.1590285015907,1143.6998962792065,1144.0829863149006,1144.0944193259857,1144.0925276464322,1144.0915600998856
3-95768284-55-0.jpeg,1103.8279179335516,1140.7647952400437,1141.7436325751132,1141.8030182437528,1141.8050714544465,1141.80426944409
3-163764251-23-0.jpeg,1126.9091563963,1141.1624167200919,1141.0507085957802,1141.0144809137735,1141.005399138005,1141.0031247444642
3-74450583-13-0.jpeg,1148.841800327517,1141.6700775138536,1140.8420360991672,1140.749142389182,1140.7339892668704,1140.7309945753823
4-179020541-9-3.jpeg,1112.079572034784,1131.222485297182,1131.3208714186278,1131.302222524116,1131.2952653585517,1131.2933077308303
3-237271814-1-3.jpeg,1116.5321435464361,1128.8987682405227,1128.8060228069915,1128.7750266579048,1128.7668158009203,1128.7647062183219
1-272345160-1-3.jpeg,1112.6726516912418,1128.6385226496461,1128.7013713758122,1128.6862625118854,1128.680716354651,1128.6791180931189
3-141205865-5-0.jpeg,1116.7141299680468,1126.2280537531149,1125.9846028234365,1125.9365361510486,1125.9259871245597,1125.9235089500182
4-34493804-0-3.jpeg,1119.6927303599405,1124.5000051686168,1124.049018105615,1123.9861190650543,1123.9739818508617,1123.9713087363116
0-142019563-2-3.jpeg,1109.279430024855,1122.0096864965046,1121.8630779471534,1121.8300187473048,1121.8215710146962,1121.8193468089282
1-177769265-5-0.jpeg,1110.631111834874,1121.609347591696,1121.5216806550366,1121.4899323674167,1121.4815240567395,1121.4793769512282
0-47006770-16-0.jpeg,1125.87583943241,1120.4454366936027,1119.622514512148,1119.5313290436181,1119.5162279220458,1119.5131864958655
1-39693657-18-0.jpeg,1104.4907352036682,1118.754461758808,1118.695977411796,1118.6643695522293,1118.6557175251296,1118.6534689675484
2-9068079-15-3.jpeg,1090.734366001973,1114.2795988397916,1114.6200466652033,1114.6313506303752,1114.6298638537942,1114.6289884264254
1-71365281-1-3.jpeg,1095.3309494455132,1112.1852435087178,1112.3539410085239,1112.3557597303766,1112.3530512846107,1112.351922797061
4-42967547-23-0.jpeg,1109.063557756229,1111.928301168708,1111.44481184704,1111.3799635622113,1111.3679471927396,1111.3653718007333
3-34559475-3-0.jpeg,1082.9474985430697,1107.9361264070028,1108.3207948694019,1108.3275821438338,1108.3235483560072,1108.3219331585815
0-95768284-41-0.jpeg,1086.9953772896743,1106.473302305335,1106.7072750828804,1106.7097968453043,1106.7077319886102,1106.70690219095
3-10639397-1-3.jpeg,1082.0333897410248,1103.6870113855398,1104.0908554965065,1104.100864831714,1104.0976203223747,1104.0962181423176
1-160163187-48-3.jpeg,1096.6188793975382,1103.5465781580644,1103.1317148391618,1103.0705099148213,1103.0583217241492,1103.055588754614
3-163764156-4-3.jpeg,1089.7374753882573,1098.5039584922085,1098.2118854193686,1098.1632140428005,1098.1529865532907,1098.1506153548196
2-11272377-0-3.jpeg,1078.9205840460936,1094.644352469446,1094.8216585063403,1094.8178614494886,1094.8132025538346,1094.811597782833
2-179018554-12-0.jpeg,1075.8193604631267,1088.9737598817296,1089.0610048287053,1089.0535767947324,1089.049435368314,1089.0480532859974
1-147676138-1-0.jpeg,1069.0952465892083,1088.6455145973969,1088.6959521468575,1088.6745108554296,1088.6673807255956,1088.6653993146888
2-163719094-8-3.jpeg,1078.0542566587555,1088.5547133651319,1088.430779843234,1088.3977212977295,1088.3897374118214,1088.3877681644458
2-10360980-42-3.jpeg,1063.962093427322,1081.7979370663973,1081.969648611263,1081.955217883008,1081.9481375690768,1081.946054694204
4-39825433-1-0.jpeg,1077.8367651280619,1078.7041048677495,1078.148875119025,1078.0780389295196,1078.0653695001618,1078.0627020854724
3-116866409-0-3.jpeg,1073.2825098106448,1076.8144317978652,1076.2632526914108,1076.1895014393456,1076.1765655570741,1076.1739261421794
1-179018554-5-0.jpeg,1066.8418331510434,1075.7046781073777,1075.332185991482,1075.2713936269718,1075.258960646675,1075.2561664853672
4-51964968-5-0.jpeg,1065.2717854490554,1074.4237658623076,1074.1826951392816,1074.1462100165904,1074.139002634324,1074.1373164443344
0-230244501-3-0.jpeg,1071.5088384883356,1071.8637793236296,1071.2791324193502,1071.2069046759084,1071.1941578819903,1071.1914857537006
4-449197600-39-0.jpeg,1075.2717352295415,1071.4306530446722,1070.6974237920952,1070.611987983525,1070.5975948655719,1070.594680377916
1-160077564-5-3.jpeg,1086.7596698521977,1070.4180270044621,1069.1884659656023,1069.0635412957076,1069.0454702865368,1069.0422599228116
1-448953269-74-0.jpeg,1058.7984877551266,1068.432407752195,1068.2213834255167,1068.180021065526,1068.1701402908448,1068.1676720690846
1-47225638-8-3.jpeg,1059.5331736909172,1066.9335202624702,1066.7138744555318,1066.6706378478045,1066.6610658489785,1066.658797575259
2-95914728-45-0.jpeg,1065.6871269919643,1065.032423342754,1064.3196077173375,1064.2314907231755,1064.2165199417752,1064.2135159580635
0-226894614-0-3.jpeg,1086.785865574902,1065.2462456219384,1063.8821142942807,1063.741614852664,1063.7203243290394,1063.7164222222632
1-177684430-57-3.jpeg,1059.930419715204,1062.5274025441022,1061.9772407851453,1061.9076196978642,1061.89542734356,1061.8928665277544
2-10632127-4-0.jpeg,1046.6762814698907,1053.388980040744,1053.074952056718,1053.0262035543328,1053.0164846084108,1053.0142656989178
0-362420718-1-0.jpeg,1040.025984555126,1052.6374865226937,1052.5791306933402,1052.5469485718108,1052.538654687724,1052.5365541878448
2-71293415-9-0.jpeg,1064.2825989506375,1051.949011180916,1050.938560671439,1050.8318348698097,1050.815004094166,1050.811755937681
4-40109218-8-3.jpeg,1036.7665070741432,1045.960312764454,1045.7727353056946,1045.7304382878901,1045.720651851348,1045.7182932040232
1-100323308-66-0.jpeg,1038.3783718473098,1043.3945035502616,1042.9863911353373,1042.9307963527199,1042.9196580730513,1042.9171006971783
3-13025672-8-0.jpeg,1054.5111710181118,1043.7076118272953,1042.647925287935,1042.5331470130322,1042.5148713165354,1042.5113524112082
1-93903366-1-0.jpeg,1039.2837159655667,1041.6050388916274,1041.1652700946877,1041.1091464509386,1041.0996336583162,1041.0976965267166
3-474684587-1-3.jpeg,1037.5138041722116,1041.5213999207351,1041.1066730668151,1041.048036309166,1041.0368288028694,1041.0344001899375
0-135765826-0-3.jpeg,1034.3329263053197,1038.1774332581579,1037.8016189352995,1037.7470885338937,1037.7360304561619,1037.733502199256
4-175629805-12-3.jpeg,1039.6519022403909,1038.4885470925665,1037.7996855930223,1037.7170101798138,1037.7026362501833,1037.6996561975752
0-38867851-1-3.jpeg,1050.6497842464642,1037.773165965933,1036.734900962698,1036.62610181942,1036.6094999520367,1036.6063859214705
3-44578496-18-3.jpeg,1040.2163000215237,1035.9677122338362,1035.1409334757357,1035.0432104797871,1035.026854703581,1035.023630204713
4-44395406-2-3.jpeg,1049.092851695533,1033.7737072291045,1032.5115246273976,1032.3780898575135,1032.3575897257635,1032.353793584081
4-14931569-5-3.jpeg,1032.8462032943312,1031.9491536498874,1031.3411055471256,1031.2645441067116,1031.2507234939833,1031.247797759353
4-39692082-0-3.jpeg,1039.3722875023811,1031.7276921500456,1030.854450038885,1030.75264420425,1030.7359647259636,1030.7327149349364
4-71754436-8-3.jpeg,1036.4105944434878,1031.5527672169528,1030.7576614226432,1030.6669059917015,1030.651725168459,1030.6486813582694
4-48982233-3-0.jpeg,1022.4603056799338,1024.7180092226872,1024.181316176844,1024.1105168447598,1024.097325857876,1024.094462275624
2-235020971-4-0.jpeg,1032.494933260931,1023.9359296041479,1023.0674998700238,1022.9742382997414,1022.959525569595,1022.9566769467144
4-157812450-0-3.jpeg,1014.5612778416399,1020.2883617954941,1019.9673453145059,1019.9151716930367,1019.9046255740557,1019.9022362316624
1-33683398-39-3.jpeg,1029.153677905083,1021.0003612109435,1019.9935527889812,1019.8866503379924,1019.8702540566885,1019.8671752053407
4-168577948-38-3.jpeg,1011.8167606300722,1018.512123309515,1018.1541598708644,1018.0960699447589,1018.0841543614882,1018.0814277514132
3-177925123-2-3.jpeg,1015.4945806810928,1017.1564191881506,1016.5627722395792,1016.4884316469008,1016.4749148038729,1016.4720302347234
1-221642330-6-3.jpeg,1034.8929647465325,1012.9835307584526,1011.5757029539703,1011.4316132987605,1011.4099110590652,1011.4059606352304
3-158968759-1-3.jpeg,1008.6640999178894,1010.3605114437264,1009.817825373629,1009.7487963247909,1009.7365200981857,1009.7339214182427
2-10686506-3-3.jpeg,1015.0964992341817,1008.5538032114749,1007.8008348380808,1007.7128099106775,1007.6974751479793,1007.6943212528492
1-69555386-16-3.jpeg,1016.803240003119,1004.3854120792777,1003.2849690171734,1003.1676539235225,1003.1495584292205,1003.1461763473163
0-280838154-29-3.jpeg,1022.2086446716797,999.6119566726039,998.1248582517228,997.9742208060469,997.9518011168597,997.947750365267
2-89026350-2-0.jpeg,1017.5660188792787,999.1067231723025,997.7892055312801,997.6522115297026,997.6314594770004,997.6276506086651
4-372335514-13-3.jpeg,1002.4401807216509,997.9012179373269,997.1246366681241,997.0327740682455,997.0172185974991,997.0140795188419
1-48715373-12-0.jpeg,994.1627227639088,994.8477556269486,994.3139168611294,994.2451490840175,994.2327269141731,994.2300949892957
4-163799517-20-0.jpeg,994.4240605944979,994.0238748367167,993.3648286425528,993.282878163048,993.2683997923072,993.2653968312507
4-93874050-2-0.jpeg,1001.582877998629,994.1390473040728,993.2648204765231,993.1664343421653,993.150174395195,993.1469503364648
3-40139504-5-3.jpeg,997.8255637071195,993.7122890612153,992.9235219771917,992.8261959465391,992.8096873911653,992.8064306655115
1-39675646-18-3.jpeg,1012.1057010858913,994.1739888074959,992.9055803176706,992.7744216762591,992.7544487668397,992.7507470639075
1-232038586-10-3.jpeg,1003.4399749696855,992.4232709893686,991.3835682780833,991.2704362717831,991.2525248741281,991.2490839592065
1-68992985-52-3.jpeg,993.9275459370483,991.8048236268935,991.1475052659202,991.0666204288494,991.0523900128969,991.0494299600527
3-160163156-9-0.jpeg,1006.5266142531588,989.4816784404221,988.2250806108326,988.0952064956051,988.0754959146682,988.0718412395885
0-168899770-2-3.jpeg,1010.3625562250595,988.7953060994382,987.4498635080305,987.3142299795244,987.2940989259703,987.2904576877419
0-240640942-10-0.jpeg,991.047616715696,986.214956981237,985.5055752536348,985.4226591087065,985.4087651157803,985.4059847223101
0-48505360-10-3.jpeg,1008.3010833660911,985.2939589345892,983.8503848849597,983.7037169661547,983.682132008737,983.6782804237649
2-450536244-3-3.jpeg,1001.4134292888053,983.0062914545465,981.7035215640159,981.5701840511889,981.5505125509408,981.5469894632382
4-144630609-2-3.jpeg,974.9811842431609,980.4971476592066,980.1968855086642,980.1474567032578,980.1371986067954,980.1348543867081
2-50832813-6-0.jpeg,1001.9019781161229,974.8937118356339,973.2764784528371,973.115481665545,973.0919649983551,973.0877913213716
1-39676283-4-0.jpeg,985.6510327618968,966.3238314863565,964.9962540632869,964.8626441058065,964.8426270679681,964.8389613633475
1-10639460-30-0.jpeg,989.2219823845335,963.8908635412588,962.4665325794019,962.3234142747075,962.3021478177375,962.2983096834058
2-47212863-9-3.jpeg,967.1592110568672,962.2752806148894,961.4240205779349,961.3252009579735,961.309080059256,961.30593892387
4-159538492-13-3.jpeg,964.9525995456206,960.9373143526942,960.1911329526822,960.1033637798855,960.0886371657714,960.0856828347326
3-48827925-19-0.jpeg,970.9355437145856,959.6284103474857,958.5930362618739,958.4851594617747,958.468313333223,958.4650543843412
3-51964861-5-0.jpeg,974.8073362834132,959.4342282328586,958.3008521308844,958.1811656057545,958.1625734285794,958.1590705361045
4-464697910-3-0.jpeg,968.387653842979,955.2778322451717,954.1979604638519,954.0845139849245,954.0667733730771,954.0633637782859
2-95768287-0-0.jpeg,971.1986502786665,955.2261676700389,954.0499781312983,953.9282772837594,953.909533060543,953.9060036814625
4-178947334-0-0.jpeg,991.7426403868789,955.5560896236686,953.5817737425505,953.3906600326865,953.3635566707703,953.358876282156
1-177916664-13-3.jpeg,956.7178814170794,954.1171781427557,953.4355698839993,953.3540157448523,953.3399108768571,953.3370028612295
2-39920377-0-3.jpeg,987.6437020478181,954.8909638891943,952.9715704721895,952.787291807181,952.7611572203923,952.7566189074795
3-178487031-0-3.jpeg,955.1274432695707,952.751530035214,952.0408166829008,951.9540894493196,951.939572969595,951.9367315089937
0-39150278-1-0.jpeg,960.0049672286328,952.0081675682404,951.182930635701,951.0910305171573,951.075879515208,951.0728470228198
3-57850587-1-0.jpeg,959.1344143109476,951.953307777973,951.0803293643122,950.9838830179037,950.9679539910621,950.9647635215152
3-464750048-12-0.jpeg,969.3961891911579,949.8648312735577,948.5117732654776,948.3753516638852,948.3553695492144,948.351796050149
3-222907059-2-0.jpeg,976.9399428751902,949.1398318257238,947.560051769645,947.4049379182106,947.38245333549,947.3784409314084
3-39961169-18-0.jpeg,968.3420000154985,947.9005246770536,946.5325065504487,946.3933239751526,946.3724711742983,946.3686599272128
1-328128457-1-3.jpeg,970.6427061164571,945.7297119655583,944.2480723081578,944.0995799309406,944.0777197651764,944.0737777588861
0-74446199-3-3.jpeg,956.4203835908976,944.5145366757893,943.5315928082046,943.42341764078,943.4062451322162,943.402986759464
2-137222717-11-0.jpeg,965.7034314672411,944.3795097326641,943.039081246018,942.9003533757252,942.8794303503527,942.875608321894
4-177922618-11-0.jpeg,971.6698722835432,943.4803648126411,941.7646135519769,941.5885515693341,941.5625276022778,941.5579759466018
1-93872055-49-0.jpeg,955.7566612622585,938.5073424762259,937.3002124551804,937.1754775261503,937.1563394614599,937.152759345174
2-178583140-21-3.jpeg,964.321436868533,937.9661441107332,936.3791055790444,936.2209918642143,936.1977660502664,936.1936136986433
4-49139480-0-0.jpeg,951.23109663558,936.496687909144,935.2926123481674,935.1627457952823,935.1426455207898,935.13891653907
4-347630985-1-0.jpeg,959.4254173327852,935.8530654685052,934.4681354095509,934.3276167076853,934.3067665606657,934.3029836698049
4-144630619-0-3.jpeg,960.1406696848079,935.7948529044565,934.3452406941544,934.1952922816015,934.1727357935208,934.1686711467272
1-179020555-4-3.jpeg,955.6773323733179,934.6535691522695,933.323791720399,933.1861881272517,933.1655444123616,933.1617866703261
1-10639486-22-0.jpeg,962.1234170965881,933.1684992995018,931.4766049043302,931.3103132351123,931.286378453891,931.2821552267857
3-235166756-1-3.jpeg,950.6914458249505,928.1821303950591,926.7678648000949,926.6243174456501,926.6033373690045,926.599633395802
1-244727677-20-0.jpeg,947.931178887867,926.6741076530336,925.3542462343776,925.218509621079,925.1979181592109,925.194118749244
0-8756689-46-3.jpeg,959.2776838986064,925.7581522599638,923.8322663012473,923.6420450948051,923.6147769030358,923.6101006172499
0-355480213-1-0.jpeg,946.3211017460857,923.239558182027,921.7552726150692,921.6005733721588,921.5772076208407,921.5730027018355
0-256926852-3-3.jpeg,941.9388969621143,922.3930655664666,921.0541294468752,920.9189667291921,920.8989045251919,920.8952636706518
1-68991945-9-0.jpeg,917.9039348288917,920.4626249452688,920.0479663670801,919.9896562887861,919.9783992644565,919.9758946282665
3-60186096-3-3.jpeg,936.5191940015976,920.4419237701824,919.3415154167697,919.2262758776687,919.2084451577355,919.2050872724004
0-136957130-1-3.jpeg,949.5692139821405,920.6367930930587,918.9907671791226,918.8266036806377,918.8026236282973,918.7983832555954
3-175760666-2-3.jpeg,932.565852409559,917.0989581814395,915.9591520562576,915.838225255227,915.8193301838288,915.8157546834803
0-177768117-17-3.jpeg,930.9101800839072,914.9066193603053,913.6757936985953,913.5480027099873,913.5285965836161,913.5250019336534
4-35422924-9-0.jpeg,921.1334235403746,914.3542155021204,913.5016491947574,913.4053679307591,913.3895925870754,913.3864707576312
4-447946483-0-0.jpeg,925.509445321672,908.658908707153,907.4933350989197,907.3692087124145,907.3498177671887,907.346169738855
1-240789586-0-0.jpeg,927.1908278498566,908.0937976411248,906.7838826265995,906.6467527846637,906.6259363070631,906.6221451671511
3-336880012-4-3.jpeg,936.1935175333244,906.0229504939803,904.378396136673,904.2233828614774,904.2023967439684,904.1988779520555
3-12617163-5-3.jpeg,921.1541459121861,905.4411529820335,904.2866562680247,904.1643867093823,904.1454615404033,904.1419095691105
4-282473035-13-3.jpeg,928.2874698773203,905.375596517468,903.9594724447956,903.818376355656,903.7977425455044,903.7940244783632
2-136752699-5-3.jpeg,930.592610816247,904.4925070830113,902.8703355692619,902.7116273408717,902.688866910445,902.684843948134
2-172189546-8-3.jpeg,930.9124478378056,903.9957646544539,902.3140790953888,902.1446942122138,902.119978384736,902.115647346715
4-39827127-21-3.jpeg,910.7412543750655,901.7971536785183,900.9733059590272,900.8837667630191,900.8698754933228,900.8672432911779
2-9830610-49-3.jpeg,915.0126503823215,897.5032039369081,896.2771183443721,896.1504662650983,896.1313371497422,896.1278135284404
4-244850843-11-3.jpeg,930.9850917333051,892.4757487381207,890.494896693774,890.304686621274,890.2778184817006,890.2731926090714
3-74446189-15-0.jpeg,905.0771907474309,889.6578259806233,888.4795687895055,888.3533935436795,888.33375596784,888.3300776634683
2-222907051-17-0.jpeg,913.9524620786772,888.9140195538336,887.469591658988,887.3235428727938,887.3018685580525,887.2979568369443
1-168993860-0-0.jpeg,916.5790479698388,888.8574130189969,887.2660330215934,887.1090576728571,887.0863838194084,887.0823833903289
4-39961090-1-3.jpeg,922.4291851204551,887.8744047248924,886.0456616250432,885.8650503327783,885.8394478266292,885.83512258808
1-41863326-2-0.jpeg,922.5602794139878,887.5906146424529,885.7308740034614,885.5453176285343,885.5184075150229,885.5137609927007
3-11641426-2-3.jpeg,906.9993289349316,886.8544645503821,885.5299872606386,885.3951233395389,885.3748789235331,885.3711622485613
0-275667088-1-0.jpeg,903.242336731379,885.2934874497454,884.0522227097874,883.9239525884964,883.9047020114951,883.9011575388664
4-44578496-0-0.jpeg,907.5392468610937,885.1319802484904,883.700808677651,883.5552341513676,883.5334633889388,883.5295061914104
3-72083021-6-0.jpeg,899.3284546381009,882.8518034791392,881.5350153352799,881.3948949771069,881.3735603763473,881.3697132186834
4-47212863-5-3.jpeg,890.9915549521025,882.2428018518125,881.3341462210357,881.2342023366123,881.2183374334363,881.2152880606914
0-228987117-0-0.jpeg,901.9584415426426,881.2359126407978,879.8818164601867,879.7439522769505,879.7232563023587,879.7194620278568
3-177714722-5-3.jpeg,910.3910393757658,880.5611711379795,878.8539563492371,878.6776392008536,878.6515837191448,878.6470558252338
1-244590072-12-3.jpeg,902.3095540182934,879.9536584032029,878.508562928977,878.3619676841475,878.3402357601523,878.3362949038448
1-93872052-3-0.jpeg,910.472991403251,878.4421361203584,876.6538873804471,876.480253895909,876.4555345267588,876.4512194674832
4-48506407-0-0.jpeg,902.5022020011783,873.0793843758894,871.4075732434666,871.2431868909478,871.2198131242859,871.2157729798873
0-244727675-0-0.jpeg,894.080304759061,867.335023041042,865.7422494903182,865.5834987667929,865.560162176189,865.555998412087
1-11947084-68-0.jpeg,882.7220696450298,866.8864399732316,865.6952695502875,865.5713415215939,865.5525045825497,865.5490010099696
4-178844341-5-3.jpeg,926.0599181277637,868.169945814007,865.6131500667298,865.3776007680417,865.3455880766666,865.3402935326804
4-244727671-10-0.jpeg,898.8640630817093,864.8449938213098,863.0433455321131,862.8663901658132,862.8408919345479,862.836450256684
2-275515190-12-0.jpeg,895.2651151223904,860.9254027148552,859.0988542817875,858.922822330502,858.8977234529777,858.8933549171735
1-60186096-2-3.jpeg,895.792413163269,857.4993393966774,855.5837453175601,855.3944173221125,855.3674211380251,855.3627990727739
0-38867816-9-3.jpeg,863.1663874467504,854.0081487708666,853.0854803180772,852.9812903853042,852.9643372020296,852.9610262197582
2-149160978-20-3.jpeg,885.6523020558577,854.7489192604473,852.9917844238964,852.8201794979033,852.7956511531828,852.7913767468456
2-245518311-9-0.jpeg,885.4543530122129,852.2832636421422,850.4982550620157,850.3259921099248,850.3013555885377,850.2970432224076
0-302711478-0-3.jpeg,882.5853853770359,846.3761639972047,844.4779770613532,844.2929129018692,844.2665560079209,844.2620272567268
2-177905240-10-0.jpeg,878.0509798320555,844.0319111726504,842.2579834214191,842.087092061874,842.0626937550234,842.0584050186063
2-10558324-38-0.jpeg,881.474837548389,843.0330476396653,840.9875780494613,840.7844705073383,840.7556608803731,840.7508494015992
1-50783219-60-0.jpeg,869.5661720164688,842.1241464479998,840.5607639962064,840.404115660537,840.3817651452174,840.3779795509022
4-161976675-5-0.jpeg,872.5266466553953,840.6111638685533,838.8712014101196,838.6993885781291,838.674625796363,838.670302845614
2-245518329-1-3.jpeg,862.4170861994445,837.7784903778846,836.2536306350709,836.098240176254,836.0752907363506,836.071216754509
4-39675625-9-3.jpeg,874.1889295147681,835.0664988390338,833.0099038013238,832.8099361657082,832.7820242877718,832.7773227686117
3-154652640-32-0.jpeg,862.6508355782017,832.5834774516062,830.9163628832732,830.7511908115034,830.7271796373512,830.7229449913851
3-179018534-13-3.jpeg,882.1297210443288,832.888715098117,830.5726540633442,830.352098399294,830.3214778544335,830.3163753278129
4-47214239-0-3.jpeg,866.3263337972955,831.6739563552649,829.8213512360384,829.6395546465927,829.6136388127549,829.6091483677918
4-148112387-96-0.jpeg,874.9561912432104,830.169955371419,827.9281080916079,827.7198706514589,827.691307105057,827.6865142770656
4-44472957-61-3.jpeg,869.6862064675181,829.6976857075084,827.6723327123642,827.4794553132718,827.452383697911,827.447759378151
2-50592501-26-3.jpeg,861.4674154781301,828.6475658042062,826.824417558921,826.6471988613454,826.6221124047055,826.6177640467911
3-42967564-10-0.jpeg,874.6134463622589,827.548145593204,825.2225236089902,825.0059793634273,824.9762255575765,824.9712327920523
2-13035024-23-3.jpeg,865.3700484557181,827.0970797254834,825.0673676397328,824.8710584580225,824.84345342268,824.838766167364
0-257148657-36-3.jpeg,870.4539418362897,826.5870391176788,824.3811511056391,824.1646401495017,824.1343747217123,824.1293283155849
4-176868894-4-0.jpeg,879.6175604682115,826.2909664239963,823.8445398258077,823.6138687028886,823.5820263069738,823.576736777857
2-160249470-7-3.jpeg,866.1072485345824,823.3123848013003,821.2258503646847,821.0260243225124,820.9979918421667,820.993225213947
3-222907051-15-0.jpeg,863.2106278610452,822.0961517196606,820.0657306252862,819.8753753959373,819.8493680431095,819.8450187977438
1-71461988-12-0.jpeg,857.8109598681312,820.4499534053973,818.5491568671583,818.3679818042143,818.3428797544473,818.3386385460271
1-279810289-8-3.jpeg,851.3116475653545,818.7126464916199,816.9439815883413,816.7695960601743,816.7444770011385,816.7400996499211
3-48505360-9-0.jpeg,861.7218230060759,818.4532637451571,816.3559564723039,816.1552668590288,816.1273236188596,816.1225991250928
1-179081001-15-3.jpeg,859.6170878878349,814.8995510918576,812.6577598851231,812.4455682193684,812.4160499965673,812.4110704821538
0-57851166-15-0.jpeg,849.5060583460145,813.4398329843242,811.6655202880613,811.4946329300913,811.4705332364161,811.4663626744285
3-178947329-0-3.jpeg,869.8312509753528,813.5799004882773,811.0071957830091,810.7696050046801,810.7375264061965,810.7322696359488
3-240666065-0-3.jpeg,838.4045686632161,810.1205538947412,808.5311984569806,808.375263802048,808.3526590873835,808.3486490464159
3-47445345-12-0.jpeg,841.6046267405776,809.7880218638337,808.0448214523896,807.8727092867916,807.847873690944,807.8435373939213
0-11771581-1-3.jpeg,841.6165536016028,809.643514311779,807.943808377017,807.7749128743278,807.7502489126563,807.7458987645424
1-10728688-17-0.jpeg,865.8950402173202,810.4230772401341,807.8174208248823,807.5797902474046,807.5480119779901,807.5428058449719
4-447946483-46-3.jpeg,844.6097474798829,808.649783433769,806.8154159418889,806.6390578157966,806.6139640782718,806.6095847081575
2-71294173-47-0.jpeg,849.3290093099573,807.7172361565872,805.6730374732227,805.4768283736239,805.4494854705421,805.4448581413834
0-10055278-3-3.jpeg,847.0821667547884,807.4066319157998,805.396528637662,805.2038266468331,805.1766880436666,805.1720355239036
2-48769300-46-3.jpeg,835.9686719403974,800.3189798385702,798.4960890295163,798.3223364217954,798.2981286792871,798.2939839367549
1-48559505-2-0.jpeg,833.3528438958031,800.1272049428669,798.2999519440896,798.1223791516891,798.0967837015808,798.0922797927349
3-60186102-5-3.jpeg,840.3482688579464,799.681951159932,797.5945328836,797.3904056725377,797.3613412558338,797.3564114981771
4-39826726-7-3.jpeg,835.1841893078575,796.9081255609129,794.9580257349451,794.769783755939,794.7432155784984,794.738648512807
4-478286978-10-0.jpeg,839.0500310979859,796.7156555898126,794.612953420028,794.4128977733205,794.3849740600713,794.380231059564
4-178995835-21-0.jpeg,837.9409961546181,795.9500301239275,793.9174480296796,793.7238098682316,793.6967965925585,793.6921898434044
3-169120742-1-0.jpeg,828.5976381641777,795.298948019189,793.5533244691039,793.3830192589609,793.3584915402645,793.3541830083831
4-266066444-11-0.jpeg,838.3220707766942,794.7173567185689,792.5461722010612,792.3398854051846,792.3124290857947,792.3080784587596
2-116982868-1-3.jpeg,831.7502730147228,791.0408995516074,789.0339883436499,788.8418530488527,788.8148352970654,788.8101940734601
4-275409032-23-0.jpeg,822.8639219727748,785.0096172679521,783.0904938898407,782.9050676331855,782.8788255735778,782.8743186101617
1-253924914-38-3.jpeg,813.3481675686018,780.9231668735289,779.1880224630081,779.0168471390944,778.9920327653842,778.9876601764847
2-39692894-0-3.jpeg,827.8335683673724,778.450827795548,776.088854500356,775.8687481131038,775.8385548795408,775.8334962158931
4-10632124-19-0.jpeg,835.403501201297,778.2855928258278,775.7109202171338,775.4775566274066,775.4460611418069,775.4408379144085
4-168993860-10-0.jpeg,801.4455157513358,771.9951149946327,770.3404403888595,770.1781428762519,770.1551787342636,770.1512211412542
1-257148657-45-3.jpeg,805.1745717768625,770.4372688433743,768.6087531473258,768.4333380269317,768.4084147782698,768.4040752532062
3-447971153-1-3.jpeg,822.3952283927141,770.1405241011197,767.798818754597,767.5792641835432,767.5489895933272,767.5439189300282
3-232359140-6-0.jpeg,809.4266846576502,768.4883692950793,766.4308256632323,766.2356388134989,766.2083597259058,766.203695375409
3-136231472-16-0.jpeg,804.913659643559,768.0078318142807,766.1344581924614,765.9561281109109,765.9313279126012,765.9270918402135
4-257148657-53-0.jpeg,810.8608933728541,763.4145169093281,761.1641784699616,760.9530499242823,760.923783049231,760.9188357333302
4-247441151-8-0.jpeg,811.9272539920199,763.2420627671312,760.9891407994651,760.7776160643248,760.7484329129626,760.7435268932792
0-11635067-5-0.jpeg,813.9389895967724,759.538173289946,757.1226050945759,756.8984307931471,756.8681033743753,756.8631049102678
1-74450512-11-3.jpeg,811.5931000595938,759.0896751356951,756.6579618895768,756.4273574140942,756.3956284495481,756.390372344943
1-40140807-14-3.jpeg,809.061363510214,756.7240152453891,754.2865533847482,754.0567966758363,754.0252448746395,754.020019595861
3-71233935-36-3.jpeg,794.3749291960589,755.9945186009138,754.0772048304342,753.8914505433208,753.8652685565122,753.8607914471625
0-48765782-8-0.jpeg,789.67133423742,750.4406621001557,748.5013290069656,748.3152519432045,748.2892437605598,748.2848085589218
1-71461991-15-3.jpeg,816.4331703878734,751.125766496814,748.2497869796451,747.9854678803017,747.9499287790553,747.9441751643727
4-55969372-2-0.jpeg,808.3477271387303,749.6842783041802,747.0702883542975,746.8257186970277,746.7925188787771,746.7870977810717
0-74450539-0-0.jpeg,804.5479148146793,749.3483579612544,746.833682469266,746.6028727880448,746.5715646199652,746.5663992308234
2-299470380-7-3.jpeg,797.769043794909,744.9036506601873,742.5060176853781,742.2836891311198,742.2534260832505,742.2483984406439
4-10358632-5-0.jpeg,783.9566945872496,742.6587890150167,740.6749330226979,740.4857340645714,740.4591870828841,740.4546257361385
3-97678532-24-0.jpeg,792.983384773087,738.8671249574318,736.2609918148963,736.0083709743817,735.9729262621582,735.9670852436512
2-10268495-5-0.jpeg,793.112621351795,738.7230645909611,736.130292409005,735.8850532799985,735.8519440010915,735.8465705057987
4-136231472-3-3.jpeg,788.8330890177149,737.3304675197759,734.9251759523897,734.6970956562699,734.6655508132731,734.6603119794709
3-51964864-0-3.jpeg,799.4198353462307,737.5944586043352,734.8744961234131,734.6238185285646,734.5901266379686,734.5846611174252
4-49164960-7-3.jpeg,786.8949584265204,736.7874066814388,734.4086215040941,734.1843890998216,734.1539076382746,734.148948307582
3-11947084-14-3.jpeg,780.5433854001299,735.6252228843479,733.4954284843999,733.2948643684015,733.2670520528425,733.2623208833501
3-44472957-106-3.jpeg,780.9114130514505,732.5236828339756,730.2496334385241,730.036551922856,730.0073183630445,730.0024400665147
2-40297647-14-3.jpeg,787.4307314560978,731.7079666538681,729.0892031463803,728.840090061884,728.8056558349354,728.7999884088496
1-39840400-0-3.jpeg,771.368524004257,729.7249378801266,727.6793941977196,727.4829928845088,727.455347128878,727.450632066383
1-44472955-26-0.jpeg,772.6225384746419,727.5011473667573,725.3189778187025,725.1141885018307,725.085846194245,725.0810408743522
0-10587414-73-0.jpeg,780.208344033515,719.9559331999641,717.1761776790042,716.9087439221304,716.872176790792,716.8663035414122
3-161786151-51-0.jpeg,756.9351608991027,717.1771459629015,715.2549044050713,715.0708288009741,715.0448509998062,715.0403527737951
1-279810267-8-3.jpeg,765.8070343562608,717.4072944480685,715.1651180453027,714.9539981761919,714.9250440839339,714.9202244672665
3-48769300-61-0.jpeg,771.4239070051569,717.1793997861381,714.7766780042256,714.5541864199075,714.5237927225996,714.518718802481
2-11947115-62-3.jpeg,782.8892575852906,716.0112770790952,713.0373627679647,712.7536434069681,712.7146621740635,712.708410521329
2-45167731-4-0.jpeg,777.6099417556624,715.0673996416746,712.2494731455237,711.9867846210591,711.9517140328289,711.9460979788324
4-44098589-2-0.jpeg,781.2187114680179,714.6898405840241,711.8720506591794,711.6156846771813,711.5814556156681,711.5759058895967
2-161976682-17-3.jpeg,776.1297928701136,714.4516632379958,711.6812732191783,711.4304293539556,711.3969936536986,711.391535162756
4-71234216-1-3.jpeg,765.3032778070585,711.5987492515542,709.1559171890185,708.9201306729644,708.887311408614,708.8818919365515
4-48828467-15-0.jpeg,759.7672518406528,709.1476607095736,706.7829373660464,706.5569010041049,706.5258907440544,706.5207768162431
2-58649680-13-0.jpeg,752.3266551069075,700.2561203202033,697.8850345246971,697.6618331663693,697.6311586816083,697.6260499780242
1-278547583-0-0.jpeg,768.391877131749,697.4558567129138,694.6240295722905,694.3726679600052,694.3397533899604,694.3344486417293
3-10587414-17-3.jpeg,764.4837364298003,697.213732892032,694.2169788183687,693.9447039335697,693.9089442235282,693.9032560451163
4-148734982-68-3.jpeg,752.0960920076482,696.1647183599555,693.5836981430535,693.3393872822868,693.3057206161678,693.3001940332924
2-100453665-6-0.jpeg,751.1258519925225,691.9121574952212,689.3286206337677,689.0887654223558,689.0563303071815,689.0510218753645
1-48687101-2-3.jpeg,766.7107298019478,691.4038531213042,687.9916290344981,687.6607362498274,687.6146897370045,687.6073863303233
1-68986527-45-0.jpeg,762.4031947448908,691.0025078527058,687.8291128441754,687.5197096477564,687.476768554668,687.4699219613232
1-74424207-2-3.jpeg,737.5628006819525,689.5978597899275,687.3446930000529,687.1338190585396,687.1049602683703,687.100138376818
4-92190561-54-0.jpeg,732.6990548743481,689.3943929953286,687.2438696232676,687.031332294076,687.0009984778983,686.9958878858872
1-248842298-0-3.jpeg,751.9377150336476,689.575430743581,686.9074720249599,686.6607490002182,686.6272760897987,686.6217805284873
1-39151206-1-3.jpeg,753.960072946704,689.2107356975745,686.4641710586819,686.2155279879863,686.1822370437015,686.1768040207837
0-164185204-0-3.jpeg,737.9428951111166,686.4284147351434,684.1290652571586,683.9106428748925,683.8803947454161,683.8753346760329
0-278564962-4-3.jpeg,747.7586256540136,684.6397845436239,681.8882155082958,681.629246455606,681.5938111720608,681.5880441516828
1-11635095-17-0.jpeg,743.3665297232745,680.6465922287568,677.9137489390429,677.6631337763324,677.6293198940754,677.6237831995965
3-137082266-28-3.jpeg,747.6586113918006,678.8850612560858,675.8455774528858,675.5596762051915,675.5212886104183,675.5151756430017
1-176866876-30-3.jpeg,743.3319454687158,676.1733984785069,673.2331667903663,672.9679775023553,672.9328016504613,672.9271319850885
1-179078493-8-0.jpeg,734.2708433191814,673.6016091204698,670.9887301431326,670.7386908380824,670.7041358535935,670.6984936603485
1-11641394-15-3.jpeg,740.5310416147014,670.3804379995798,667.519089992913,667.2566372819786,667.2212570705932,667.2154958834801
4-275664527-8-0.jpeg,721.9801782921807,668.914154750955,666.5388832552306,666.3121374806012,666.2808538451827,666.2756838707861
4-237271807-2-3.jpeg,735.2584269039368,668.5833697253557,665.7715256663587,665.5128879206079,665.4781941118132,665.4725752235703
1-10358601-8-0.jpeg,724.1857511817672,666.7900574953297,664.3340889966634,664.1077512344066,664.0769261424371,664.0717893354373
1-72061887-9-3.jpeg,730.106479869074,663.9249098384646,661.2183263347646,660.9660633725745,660.93201113672,660.9264941743869
2-71235166-3-3.jpeg,732.7473481868918,664.3195775510569,661.2503063960064,660.947929856488,660.9059496874955,660.8992691490878
0-72084632-0-0.jpeg,719.8156471181417,663.2269876263116,660.6574857561847,660.4138374510634,660.3803355776839,660.3748316898368
1-444348814-5-3.jpeg,716.9530815826887,663.0330288057432,660.613933586576,660.3849340213163,660.3534651185188,660.3482575769045
3-299485197-0-3.jpeg,718.6741012610039,662.1184045550574,659.5180939109192,659.2723580741326,659.2389609693419,659.2335251298971
2-423393380-0-0.jpeg,741.7089658003345,662.4684430062224,659.3149371177304,659.0321304987821,658.9947423882644,658.9887505699049
1-52205574-44-0.jpeg,724.7692338490824,662.0412407320601,659.2792111020315,659.0239774214768,658.9895707616793,658.9839845729589
2-71232128-5-0.jpeg,723.4548658465413,660.6181630520647,657.8897504547002,657.6370514944613,657.6028993000583,657.5973520124144
1-237049571-7-0.jpeg,736.8782635809603,660.974932081317,657.8793761334417,657.5992600833839,657.5619402401275,657.5559283860758
4-163764181-50-0.jpeg,715.5635388376708,654.5542121861508,651.8917486073414,651.6456696208085,651.6124090724871,651.606953903968
3-446640439-32-0.jpeg,702.3990986109395,653.6075347924819,651.3645168433502,651.1418317147728,651.1099651164432,651.1046169597435
4-71232908-11-3.jpeg,722.4636459776037,651.8304319051366,648.7884092739299,648.5083404750537,648.4708832549206,648.4648671877526
3-70674952-12-0.jpeg,728.1277208449903,650.4251563978576,647.0504344655501,646.7419466151257,646.7015640709498,646.6952695744576
1-10632124-66-0.jpeg,723.6329313376364,647.8866587424783,644.7118397798946,644.4184743074057,644.3794603027512,644.3732747269013
3-60185780-21-0.jpeg,705.6331498538034,646.9525804646922,644.4210152573098,644.1860825108225,644.1542446946257,644.1490070072476
2-47011714-7-0.jpeg,692.3339943892197,641.9811908091385,639.6915622044842,639.4763474620943,639.4468726638589,639.4419678766305
3-47401949-6-3.jpeg,692.6520373115131,640.9758855733304,638.6108499826638,638.3838434675574,638.3525693380628,638.3474547200442
1-44032510-1-3.jpeg,715.6934853672076,638.8283798451388,635.4214659326198,635.0919286178084,635.0468489014064,635.0397645866761
4-10359260-1-3.jpeg,714.800066002984,638.0283278375787,634.6652798169713,634.3427367591302,634.2987886076096,634.2918890484171
1-442550775-2-0.jpeg,695.0946456905994,636.9839288653654,634.3109946932937,634.0481269746273,634.0112121686084,634.005194479148
3-439447817-9-3.jpeg,709.7078815880589,636.9823403362252,633.8013062695451,633.5022041552808,633.46261744707,633.456441036572
1-44681642-0-0.jpeg,699.1853549990351,635.9300917682363,633.070354193652,632.7967610030337,632.7599305164209,632.7540780076912
3-233044105-13-3.jpeg,730.8847947576603,634.6412016044271,630.1968489456328,629.7737878523571,629.7178155727012,629.7093736427427
4-237049325-19-0.jpeg,715.6441940250193,630.2313568541911,626.916974059946,626.6244739182702,626.5859727245911,626.5798114649473
2-135843978-47-3.jpeg,679.5784395000342,628.8415656880314,626.4291102454774,626.1969801788688,626.164664748481,626.1593168151644
3-70988762-60-0.jpeg,721.9026985391125,629.9000326858986,626.2141364348541,625.890530466934,625.8492497481059,625.8428137504436
1-10676532-21-0.jpeg,698.0009392212324,624.693428115821,621.625245344466,621.3406880623838,621.3021570625981,621.2959359117399
4-103783038-19-0.jpeg,697.0204332552346,623.0646202464948,620.1365655466888,619.8719912833852,619.8368877162669,619.8312207641836
0-48765782-5-0.jpeg,700.1616518571043,622.3122551161036,619.2070742656992,618.927260264401,618.8900326941542,618.8840450123329
3-275515199-2-3.jpeg,698.5021554131157,621.531829209738,618.511286313374,618.2413226525678,618.2054475595354,618.1996356085468
2-176688372-0-3.jpeg,725.5851120422437,619.3874479069561,614.79673358283,614.3768234185948,614.3233823433602,614.3155064496907
1-243583354-23-0.jpeg,703.0521964103308,617.5680818219445,613.9779154721784,613.6535484131025,613.6110172774323,613.6043905396265
3-50372107-0-0.jpeg,686.0787229194615,615.9831797132142,613.0636172798456,612.7895836481946,612.7522843088784,612.7462947796124
4-70979176-9-3.jpeg,685.8604688703548,611.384269188259,608.2172123251017,607.9264789947521,607.8875093222715,607.8812798430008
4-71235156-2-0.jpeg,691.893722415433,608.4161314298719,604.3936323387388,603.9686653709238,603.9083617267024,603.899108486705
1-10628020-6-3.jpeg,674.7025631465415,606.8570711459081,604.0794953802775,603.8257487875476,603.7915747924609,603.7859842047582
3-298742805-0-3.jpeg,674.830265875871,606.1815108315785,603.4284694907095,603.1751625275886,603.1407245939267,603.1350656736323
4-34561067-4-3.jpeg,694.8053106356599,604.5388272048581,600.8666632302626,600.5327955603278,600.488613708628,600.4816817749704
1-275664532-0-0.jpeg,687.3847192693247,604.0632426894,600.7481712709792,600.4494271737901,600.410470376649,600.4043565932054
3-160615403-7-0.jpeg,682.5678359702194,598.1249557599984,594.3899480937155,594.0418409049853,593.9966404348773,593.9897700950974
0-347622335-14-3.jpeg,688.1836036067036,595.097699839247,591.191632177249,590.8239823498259,590.774384640324,590.7666794000767
1-280838154-67-3.jpeg,682.8251916924743,592.1345464634063,588.3534278239763,588.0154889972081,587.9717590257083,587.9649913072591
2-148734982-55-3.jpeg,686.8751654267776,590.9199741618545,586.3631261111566,585.8935136768848,585.8272664836805,585.8171126306818
1-244594848-8-3.jpeg,678.6570935523705,589.6764217534927,585.6195700428461,585.2095474108443,585.1520418353889,585.143130123306
2-257148518-31-0.jpeg,680.9811591566815,589.5652955936667,585.5210138102949,585.1351601128767,585.0831483095288,585.0751323614269
3-48687100-5-0.jpeg,665.0276402419405,581.8583765726843,578.4415530224372,578.1251453146895,578.0833915661321,578.0768814095387
3-392099236-2-0.jpeg,680.7755596742574,582.0772738580476,578.2052888673871,577.8624267635116,577.8183805862017,577.8115962417942
0-136797055-2-0.jpeg,671.5991386167594,581.533422977519,577.6174088536844,577.2572272016639,577.2096598260418,577.2023303651977
2-12111482-17-3.jpeg,656.4733833874726,578.8878948548496,575.8281390188235,575.5500577503076,575.5129233358,575.5069220642118
3-447971155-1-0.jpeg,658.3471723544671,576.6423658401352,572.8899407307499,572.5121774628471,572.4589639649741,572.4506380225163
3-135626793-70-0.jpeg,655.036694692024,576.400923951868,572.7934154451643,572.4297363946707,572.3789597118109,572.3710360563241
1-8886591-7-3.jpeg,665.1774216207516,572.5675262994727,568.8594490313986,568.5323102538805,568.4894243789848,568.4826896624608
3-10632113-13-3.jpeg,666.2818304010651,571.7975043932164,568.0777808045951,567.7358732715645,567.6909729224458,567.6840671979029
3-9205212-2-0.jpeg,665.7002680424093,571.2010956020449,567.4839015144253,567.1570011454943,567.1145588940888,567.1079053728696
2-11620200-28-0.jpeg,652.1958210997315,570.1169411289059,566.8008407849576,566.5041077006246,566.4653234696534,566.4591787549182
2-275664541-2-0.jpeg,648.5282733779292,568.807015300627,565.6643817433376,565.3831782306402,565.3460653624272,565.3401031827848
0-47323588-6-0.jpeg,636.966857426833,564.6104837754707,561.642442750241,561.3699542783394,561.3332029601412,561.327264305426
0-299282964-3-3.jpeg,648.1388732381466,548.7391218454986,544.8590897785156,544.5126013494898,544.4679071090495,544.461035872684
2-176300987-123-3.jpeg,661.6600634701568,546.0827396571858,540.8998099012439,540.3999248062886,540.3326808798278,540.3226181294253
2-160615403-3-3.jpeg,650.2136466780402,545.505544492476,540.6948283035541,540.2420752880868,540.1846316774997,540.1763016215849
4-433779890-54-3.jpeg,652.3268625692807,543.8596629363519,539.8306936875986,539.4835940613135,539.4388842577465,539.4319278248142
1-135626793-95-3.jpeg,645.6958544290361,536.092568906001,531.9002776177352,531.5337026444151,531.4868728654922,531.479706058543
1-231946815-1-3.jpeg,636.6910712154279,530.1666460289358,526.4210826387987,526.1033119714469,526.0626141763942,526.0561989216976
2-239298896-12-3.jpeg,638.5509412532323,530.2855754436908,525.9636573162544,525.5926954754493,525.5460070506996,525.5388689956893
0-72084609-1-0.jpeg,649.8746757702738,529.4964964774533,524.7144124575143,524.2700431866967,524.2098937836604,524.2006668045111
0-50783189-3-3.jpeg,633.262415603615,528.0111929572155,523.9486616613468,523.6113844750986,523.5689316037655,523.5623277447262
4-299282964-17-0.jpeg,634.2207451501185,523.732236500727,519.3694858658326,518.9881890815539,518.9396168953232,518.932230555177
3-48557916-8-0.jpeg,621.8696210968103,519.2821242045384,515.074267599886,514.6869291235371,514.6366804646194,514.6291148259215
.DS_Store,608.8582471409966,513.8043736322065,509.98685266390333,509.6384876835456,509.59247325867676,509.5853069311069
3-478286977-15-0.jpeg,641.3915988475934,515.9030766030409,510.186064483439,509.62308998512987,509.5467029609341,509.53536404594894
2-135626793-16-3.jpeg,619.1720707570026,512.386909241544,508.2312053846062,507.8687981555006,507.8226709397918,507.81563294980424
1-34284742-9-0.jpeg,623.1487498407649,506.7376060629535,501.96739118170825,501.5333515579568,501.4751854924363,501.4662435719126
0-433223790-0-3.jpeg,615.3105455699141,500.6589653736142,496.05970894986575,495.6762137860457,495.62871222021874,495.6214869983236
4-232167205-4-3.jpeg,621.1128724145373,501.20660449896826,495.9366144214874,495.42904215606984,495.36002679774305,495.34961343723546
3-239298896-104-3.jpeg,596.7943467659328,499.0506934920242,495.3148771103563,494.987978876564,494.94556306225235,494.93892036809484
0-239295889-6-3.jpeg,605.4705018488492,496.5032967123678,492.32439388528667,491.95348239438687,491.90580835677827,491.8985191830269
4-47005068-6-0.jpeg,625.0567570099198,496.8778190880241,491.11945002548,490.5660541391937,490.4902758516,490.47885686484227
0-50783189-26-0.jpeg,590.4146528243084,472.3566667126066,467.373504755379,466.93148276724116,466.87623231718334,466.86813284779447
2-237049331-7-0.jpeg,549.7318130536202,430.6470185097751,425.63158615956894,425.16495081734087,425.10492571934395,425.09617232737173
0-347622334-4-0.jpeg,509.3206476799415,314.49154947915036,301.9328181962132,300.8852482672947,300.7781798477923,300.7649524028222
0-47386145-1-0.jpeg,471.3515982014713,269.01320554644997,255.46674817089192,254.07974599726788,253.91028960562565,253.88876985528927
0-47283891-6-3.jpeg,467.0000317669522,208.53814530388019,178.8936743634377,174.1936853627895,173.4206916720444,173.30629014618586
1-75009862-5-0.jpeg,424.76545726528104,174.5603522566508,152.39627855154572,149.81613804299107,149.50586551509494,149.46973795777134
1-49224795-11-0.jpeg,455.4751116656398,182.81654501639213,150.28229862026188,144.88577074383528,143.97344571219867,143.8367363177193
3-12083728-0-3.jpeg,449.4107686413864,174.1733655893206,146.3689112953316,142.7100690150873,142.22544087826827,142.16620179797013
